FOLIO_INT,Calorias_semana,Proteina_semana,CarboHidratos_semana,Lipidos_semana
2022_01001001_01,9722.7,1256.06,378.176,355.075
2022_01001028_04,9664.9,1076.91,495.516,438.595
2022_01001034_03,11071.5,1538.52,556.298,354.66
2022_01001041_04,7189.2,1000.6,279.61,200.75
2022_01001042_01,10456.1,1500.03,405.74,397.285
2022_01001042_04,6670.2,663.29,150.72,172.44
2022_01001052_01,5810.3,692.53,276.096,205.94
2022_01001074_05,10062.1,1527.7,309.808,321.99
2022_01001075_02,8791.6,1021.2900000000001,351.846,475.275
2022_01001081_02,16062.5,2229.23,806.762,637.71
2022_01001088_01,6825.1,953.13,217.01,227.77
2022_01001124_01,8103.2,946.18,342.348,294.57
2022_01001151_03,3921.3,515.64,149.498,162.25
2022_01001155_01,10443.0,1290.77,440.605,408.88
2022_01001194_01,2736.4,363.16,782.89,274.33
2022_01001206_01,10783.7,1478.59,475.77,359.39
2022_01002008_05,5738.1,905.55,175.29,139.04999999999998
2022_01002010_03,10117.1,1523.72,348.24,335.75
2022_01002011_01,6891.0,1040.67,431.936,286.06
2022_01002012_02,11011.4,1563.74,448.73,385.16
2022_01002021_02,3122.1,410.09000000000003,118.318,102.32
2022_01005004_03,7585.8,841.74,366.7,328.08
2022_01005004_05,9837.1,1284.1599999999999,398.848,303.7
2022_01005005_01,6023.0,1172.93,295.86,158.0
2022_01005007_05,10955.9,1234.16,540.4,484.15500000000003
2022_01005019_01,10281.5,1656.48,463.41999999999996,325.99
2022_01006001_04,9505.0,1230.92,325.94,248.9
2022_01006010_03,10359.4,1328.02,359.326,305.48
2022_01009014_02,1562.5,254.51,36.230000000000004,57.4
2022_01009019_01,9838.8,1388.45,382.246,399.79
2022_01009030_01,5842.6,727.32,227.888,259.925
2022_02001003_04,2809.2,328.61,117.57,115.17
2022_02001039_02,6489.6,692.21,290.34000000000003,293.07
2022_02001046_02,6220.6,812.1,238.55599999999998,230.71
2022_02001048_02,5094.4,527.52,269.152,262.53000000000003
2022_02001049_03,11008.8,1426.95,427.144,475.03000000000003
2022_02001059_01,5582.8,635.5799999999999,280.40999999999997,246.56
2022_02002008_01,4690.0,552.87,173.1,247.06
2022_02002039_03,5744.3,720.95,199.32,293.73
2022_02002039_04,9459.0,1088.04,397.73,446.28000000000003
2022_02002042_01,8951.9,963.5500000000001,373.718,311.55
2022_02002049_01,7888.9,967.93,290.15999999999997,373.665
2022_02002056_02,6922.0,909.86,250.93,281.89
2022_02002080_03,15914.2,1699.76,729.42,802.68
2022_02002084_04,10154.6,1140.97,413.44,451.3
2022_02002088_01,8672.1,1308.21,362.678,248.04
2022_02002088_02,14642.3,2133.24,736.14,615.51
2022_02002100_02,2799.1,306.45,137.71,115.23
2022_02002105_01,9042.5,1045.67,372.78000000000003,423.66
2022_02002161_02,12050.2,1809.8600000000001,490.772,405.74
2022_02002163_02,18343.6,2452.46,563.4119999999999,754.3
2022_02002164_03,9494.2,1265.32,323.17,353.55
2022_02003013_01,2966.5,620.97,57.1,115.42
2022_02003016_01,5650.6,732.99,203.79,258.14
2022_02003019_01,7286.5,984.43,308.718,260.63
2022_02003045_01,8321.3,1012.47,359.42,324.38
2022_02003046_01,5253.4,546.66,306.67,300.77
2022_02003052_03,8290.7,1037.7,370.3,348.97
2022_02004003_03,4958.5,723.69,224.05,162.82
2022_02004022_01,7111.4,737.21,267.92199999999997,277.545
2022_02004035_03,9225.2,753.0,429.686,581.67
2022_02004082_01,5817.6,623.55,278.098,268.35
2022_02004100_04,3359.2,338.76,176.274,99.47
2022_03003005_01,7277.4,965.91,307.23,279.1
2022_03003014_04,9122.9,1072.41,402.18,430.84999999999997
2022_03003036_02,12428.9,1503.26,500.37,608.04
2022_03003039_03,6783.9,916.87,234.36599999999999,286.07
2022_03003042_06,11803.8,1394.87,423.132,568.83
2022_03003045_02,7073.0,795.16,327.94,338.76
2022_03003081_01,8945.8,1054.75,348.202,371.09000000000003
2022_03003082_01,7680.7,908.05,531.64,396.56
2022_03003087_01,6981.0,776.9100000000001,249.51000000000002,367.98
2022_03003098_01,5301.1,592.9499999999999,213.868,247.59
2022_03003100_02,4448.4,637.15,190.44,172.10999999999999
2022_03003104_01,3875.2,225.73999999999998,165.71,293.99
2022_03003107_02,5596.2,842.47,210.88,171.20000000000002
2022_03003107_03,16027.9,2300.58,608.795,617.24
2022_03003112_01,4446.3,868.09,411.558,160.53
2022_03003151_07,7004.7,688.0699999999999,316.72999999999996,319.11
2022_03008054_04,7803.8,967.9399999999999,348.03,268.21
2022_03008091_03,10129.8,1061.74,426.32,513.25
2022_04001035_01,7169.1,1053.08,238.778,300.78
2022_04001039_04,3202.9,535.4300000000001,117.02799999999999,78.2
2022_04001044_05,8957.9,1191.19,534.99,318.99
2022_04002033_02,2731.9,403.79,93.54599999999999,99.625
2022_04002078_04,4796.5,723.61,200.13,163.32
2022_04002113_02,5788.6,595.63,318.786,365.18
2022_04002113_03,9533.7,1390.73,791.976,368.925
2022_04002117_02,14366.3,1964.31,619.9,449.245
2022_04002120_01,3104.7,520.6800000000001,131.54,91.16
2022_04002132_02,7232.8,779.1999999999999,339.784,249.35
2022_04002141_05,6224.4,975.69,212.65,132.9
2022_04002143_02,8478.7,1052.56,462.36600000000004,365.38
2022_04002160_02,9109.0,1176.6,443.02,346.44
2022_04002162_01,6045.5,992.4499999999999,196.1,215.20000000000002
2022_04002185_03,18590.2,3206.24,951.058,546.235
2022_04002186_04,6062.7,961.08,225.1,202.43
2022_04002190_01,7512.0,983.48,304.29,319.62
2022_04002192_02,7679.9,1200.73,209.12,316.7
2022_04004010_02,3230.0,384.14,116.648,143.59
2022_04004012_01,22288.7,3220.99,861.9200000000001,755.49
2022_04004018_01,1780.0,164.94,67.66799999999999,147.84
2022_04008007_03,6500.0,1045.98,364.91,248.32
2022_04008009_02,7649.4,1217.1200000000001,275.8,243.75
2022_04008017_01,6802.0,785.6,287.92199999999997,298.98
2022_04008033_02,4001.0,477.76,187.51999999999998,184.99
2022_04008036_01,23795.6,2972.81,1226.402,1092.77
2022_05002005_04,10905.7,1217.46,502.25,456.96000000000004
2022_05002020_02,10237.0,1668.7,302.962,276.43
2022_05017003_03,11015.6,1330.4,480.94,416.605
2022_05017027_02,13662.0,2209.78,409.888,326.365
2022_05024003_02,7812.0,895.04,340.7,352.01
2022_05027004_01,7038.1,1103.38,239.978,213.315
2022_05027009_03,13128.0,1791.66,427.408,500.5
2022_05027019_01,6900.1,937.62,337.978,255.345
2022_05027029_02,8423.8,1166.04,378.17,293.71
2022_05030008_01,9622.1,1016.09,482.596,453.685
2022_05030027_02,10363.2,1999.45,152.07,227.51
2022_05030050_03,12107.4,1274.12,614.61,546.325
2022_05030064_01,9328.6,988.7,440.64,458.18
2022_05030077_03,15178.0,2416.83,512.106,474.87
2022_05030081_01,12409.1,1568.37,523.104,502.455
2022_05035008_02,8101.2,1031.33,301.996,351.145
2022_05038008_01,3969.0,431.67,178.258,163.82
2022_05038025_01,7676.9,812.44,374.734,264.7
2022_06002036_01,8639.2,1254.53,397.81,452.40999999999997
2022_06002050_01,9208.2,1154.82,396.236,320.86
2022_06002069_01,9967.9,1539.99,573.256,441.25
2022_06003025_02,4823.2,603.6800000000001,161.436,254.09
2022_06003034_01,11407.2,1451.3899999999999,432.174,475.99
2022_06003059_02,3911.8,462.03000000000003,168.374,191.89000000000001
2022_06007009_01,5941.2,1021.96,237.93,214.36
2022_06007024_01,11121.1,1445.08,511.784,418.425
2022_06007033_01,16467.8,2002.81,684.452,715.13
2022_06007034_01,4572.5,609.09,184.57999999999998,152.01
2022_06007035_02,5495.5,667.31,222.624,247.7
2022_06009035_01,5025.9,630.84,180.894,279.2
2022_06009057_01,5937.8,956.94,134.846,199.84
2022_06010015_01,10553.7,1369.92,475.358,481.38
2022_06010057_01,4356.5,568.94,163.65,182.21
2022_06010061_01,2621.4,396.24,139.968,88.98
2022_07008001_03,982.0,134.23000000000002,30.939999999999998,45.45
2022_07008010_02,4935.4,547.13,203.63,227.62
2022_07008011_02,9345.2,1350.08,168.88,537.37
2022_07008013_04,3601.9,434.42,214.06,183.88
2022_07008021_01,5825.8,827.81,194.01999999999998,210.68
2022_07008034_01,6763.6,1012.57,257.52,311.28000000000003
2022_07008040_03,9354.4,1183.69,340.62,396.41
2022_07020011_01,6022.0,675.17,209.14,359.97999999999996
2022_07039033_02,6450.5,678.67,351.89,290.23
2022_07052022_03,2718.5,302.39,149.768,124.50999999999999
2022_07052023_01,4370.0,586.68,99.218,263.01
2022_07052027_01,5704.6,735.8,206.33,249.39
2022_07057002_01,5902.2,816.85,200.20999999999998,213.78
2022_07057011_02,8237.0,1188.03,449.038,305.3
2022_07057012_02,7258.6,1020.59,274.99,291.01
2022_07057021_01,6239.6,832.02,306.316,286.88
2022_07057022_01,8163.6,1037.17,351.17,345.4
2022_07057025_01,6900.4,984.69,243.798,286.03000000000003
2022_07058001_01,3383.0,521.88,147.00799999999998,155.52
2022_07058003_02,6367.1,730.2900000000001,247.518,302.85
2022_07058011_02,4111.2,451.51,167.154,228.31
2022_07058012_02,1542.5,215.59,48.168,81.62
2022_07087007_02,4495.5,554.83,170.838,176.60999999999999
2022_07087008_04,11350.4,1537.79,407.32,415.28
2022_07087011_01,3994.6,839.89,38.058,57.34
2022_07087016_01,7583.4,1239.45,188.45,217.07000000000002
2022_07087019_01,8232.7,880.98,388.392,383.04
2022_07089015_03,9927.5,1357.15,364.348,417.73
2022_07089018_02,3347.5,438.72,138.058,145.47
2022_07089022_02,7262.3,1130.69,275.08,257.23
2022_07101025_02,11092.5,1458.84,464.64599999999996,442.24
2022_07101032_02,4443.1,435.93,323.818,244.4
2022_07108005_02,3924.4,442.97,162.656,161.82
2022_08002005_01,9525.8,1249.54,391.30199999999996,371.85
2022_08011008_02,8231.0,1302.58,288.94,260.43
2022_08011018_02,8240.0,1212.08,326.53,283.07
2022_08011033_01,7170.6,739.4399999999999,375.718,299.12
2022_08019028_01,15914.9,1508.85,751.422,631.265
2022_08019034_03,7137.7,812.54,306.4,298.78000000000003
2022_08019046_01,14805.6,1774.07,812.896,647.0
2022_08019069_01,7544.6,909.37,348.75,230.45
2022_08019080_01,11586.7,1331.58,440.72,572.23
2022_08019083_02,12235.8,1321.66,682.39,347.21
2022_08019090_01,7313.5,632.31,388.19,319.69
2022_08019099_02,5833.2,693.9,270.25,280.01
2022_08021001_03,6865.5,690.24,302.794,295.83
2022_08021025_03,11054.9,1378.81,482.258,419.1
2022_08021046_01,3049.2,491.45,69.858,127.37
2022_08021047_01,5204.5,606.8199999999999,248.917,294.32
2022_08037007_01,2438.1,256.85,152.358,135.29
2022_08037048_01,11510.3,1386.1,521.3100000000001,494.865
2022_08037059_02,31573.3,5103.92,815.4,1343.5400000000002
2022_08037061_04,22275.3,2649.78,872.428,876.29
2022_08037077_01,8163.7,1120.3600000000001,334.204,344.28
2022_08037110_01,6058.5,811.46,266.136,230.34
2022_08037132_01,9543.0,1153.33,338.82,421.19
2022_08037136_01,8203.1,964.82,341.618,319.31
2022_08037137_01,8587.2,1245.74,245.623,329.37
2022_08037142_03,10274.1,1367.57,347.56,454.57
2022_08037147_02,7831.2,1293.3700000000001,214.57999999999998,179.39000000000001
2022_08037170_02,8876.5,1159.36,345.138,330.54
2022_08037176_03,7629.0,1016.3,268.81,292.08
2022_08050007_01,12101.4,1769.15,334.72,411.16999999999996
2022_08064007_01,13338.3,1635.68,466.282,498.1
2022_09003009_01,7617.0,753.82,350.784,346.82
2022_09003015_01,7915.0,1290.44,227.92,264.55
2022_09005027_03,18022.6,2372.69,737.38,751.91
2022_09005036_02,5214.5,662.03,189.77,229.43
2022_09005065_04,11220.7,1133.6299999999999,436.316,680.39
2022_09005070_01,8398.8,848.4399999999999,372.40999999999997,358.24
2022_09005084_02,9005.8,1080.78,348.89,367.17
2022_09006004_01,6559.0,859.51,262.26,271.51
2022_09006008_04,5770.6,720.32,219.78,247.98
2022_09006034_01,5140.3,742.63,188.168,192.54500000000002
2022_09007016_02,13182.2,1467.75,591.316,541.14
2022_09007018_01,10193.6,1457.28,479.46,375.2
2022_09007028_01,6983.9,1079.6,202.04999999999998,262.22
2022_09007059_02,9508.2,1264.62,413.336,415.19
2022_09007069_02,5747.0,906.6500000000001,202.578,248.69
2022_09007098_03,5909.8,675.41,283.276,250.97
2022_09007106_02,6250.6,858.9599999999999,226.75,242.01
2022_09007126_03,8509.0,1166.03,286.674,346.08
2022_09007139_01,7967.0,978.08,315.372,324.27
2022_09007139_03,8245.5,1210.98,273.09000000000003,258.69
2022_09007139_04,17967.1,1991.53,770.586,770.09
2022_09007149_02,9960.5,1311.8999999999999,321.478,330.05
2022_09007160_03,17585.1,2218.9900000000002,677.616,745.13
2022_09007176_01,19355.3,2391.8,763.616,759.95
2022_09007193_03,18871.0,2985.4,607.014,600.9
2022_09007230_02,17346.0,1756.5800000000002,902.25,832.115
2022_09007238_01,8546.0,872.9,411.08,381.09
2022_09010025_03,9104.4,1313.0,290.24,318.9
2022_09010032_02,5370.9,844.0600000000001,143.44,197.27
2022_09010035_02,9525.7,1404.14,321.77,326.27
2022_09012016_01,7436.8,1042.8,276.96999999999997,325.57
2022_09013002_01,7692.1,1033.81,260.916,337.93
2022_09015022_02,5257.8,722.65,183.18,203.05
2022_09016030_03,3894.2,753.5600000000001,68.218,54.78
2022_09017007_04,11082.1,996.74,502.646,624.29
2022_09017020_02,5139.8,768.2,165.76,182.97
2022_09017028_03,7345.7,850.9200000000001,347.276,344.88
2022_09017037_06,6511.1,791.71,292.01,294.22
2022_10005002_01,12172.7,1616.95,462.296,525.015
2022_10005004_04,9319.5,1257.97,333.86400000000003,432.47
2022_10005019_01,8223.7,1427.14,303.46999999999997,216.44
2022_10005029_02,6171.2,755.17,310.65,248.89499999999998
2022_10005044_01,8253.6,1243.86,329.748,225.87
2022_10005054_02,6258.9,802.1,296.875,294.48
2022_10007016_02,16737.0,1827.58,768.6899999999999,674.07
2022_10007016_04,15498.4,2259.61,521.116,459.99
2022_10007024_01,7367.7,944.62,271.727,282.5
2022_10007024_02,6094.5,939.79,276.90999999999997,272.6
2022_10007024_03,9219.6,1401.0,442.57,359.17
2022_10007046_03,5162.1,665.3000000000001,271.26,182.76
2022_10007057_01,9113.9,1319.02,299.408,312.17
2022_10007060_02,3990.5,571.82,129.27,160.87
2022_10008014_03,8373.3,1315.77,368.582,242.22
2022_10008016_05,4089.5,578.47,190.54000000000002,116.96000000000001
2022_10008025_01,7933.0,934.3199999999999,321.13599999999997,323.085
2022_10012041_02,10406.4,1314.14,471.75,341.53
2022_10012062_02,11265.6,1756.1299999999999,360.65,382.94
2022_10028019_03,9182.4,1274.31,357.99,229.51
2022_10028020_01,3632.0,509.96999999999997,138.78,127.79
2022_11001006_01,7819.8,1063.16,309.046,329.16
2022_11001013_02,5934.1,865.6,231.368,170.23
2022_11001013_06,3501.1,467.97,137.38,100.84
2022_11001017_01,1784.8,203.99,70.17,98.86
2022_11001028_02,5500.4,704.32,221.82,173.14
2022_11003014_04,4127.3,514.42,165.42,158.62
2022_11003021_03,5549.1,809.47,239.24,172.21
2022_11003044_03,7608.2,1077.27,259.238,331.09000000000003
2022_11003048_02,5053.05,701.57,179.438,161.095
2022_11003051_03,7002.0,921.36,301.378,253.83
2022_11003058_01,11771.9,1879.3400000000001,366.286,337.49
2022_11003069_01,10398.8,1463.72,399.016,329.77
2022_11005001_01,15390.800000000001,2419.28,426.446,457.08
2022_11005002_02,8462.7,1273.68,300.81,306.90999999999997
2022_11005005_02,5631.3,920.37,157.676,180.55
2022_11005011_01,13114.8,2034.6,377.224,432.98
2022_11005033_01,7226.1,1089.6000000000001,252.92,208.45
2022_11005034_04,10877.5,1592.7,328.406,405.02
2022_11007032_02,5668.5,972.01,137.26,156.07
2022_11007042_01,6231.4,682.19,274.92,264.68
2022_11007044_04,6085.6,874.56,198.87,217.83
2022_11007065_01,12397.7,1701.04,393.3,511.91
2022_11007079_01,12215.7,1488.3,542.64,434.55
2022_11007091_02,1450.9,178.85999999999999,63.1,61.96
2022_11009011_02,4361.0,592.54,152.64,152.18
2022_11009015_01,1564.4,226.70999999999998,43.93,81.92
2022_11009025_03,5313.6,747.03,185.62,209.91
2022_11009027_02,11159.7,1755.13,402.01,390.78
2022_11009029_02,13013.3,1826.2,491.4,536.68
2022_11014013_03,8919.6,1368.76,245.19,341.77
2022_11014017_03,7115.6,892.7,274.908,285.19
2022_11014023_03,5893.1,894.73,190.024,228.10999999999999
2022_11014030_03,16993.5,2817.7400000000002,524.366,490.99
2022_11014051_02,3675.1,487.89,139.5,152.4
2022_11014061_02,2607.8,339.26,112.58,119.95
2022_11014065_01,4198.65,595.71,156.16,133.96
2022_11015001_03,8230.5,1069.64,283.72,352.77
2022_11015015_02,8789.1,1167.8600000000001,333.68399999999997,450.02
2022_11015018_03,10469.2,1319.85,449.54999999999995,478.86
2022_11016006_02,7223.9,974.65,304.26800000000003,266.08
2022_11017029_01,8786.4,1006.22,358.074,326.19
2022_11017045_02,10283.1,1553.56,310.36,363.18
2022_11017058_01,8726.2,984.77,295.516,348.2
2022_11017063_01,10394.5,1640.76,395.05,391.505
2022_11017072_02,8182.3,1199.36,272.034,285.98
2022_11017084_01,6392.1,1068.21,209.658,219.68
2022_11017088_01,11598.4,1430.98,481.03000000000003,438.92
2022_11017088_05,12274.2,1638.97,481.96,450.59
2022_11018004_02,5007.6,688.04,198.588,208.91
2022_11018005_03,13320.4,1686.24,205.09799999999998,213.1
2022_11018013_01,5466.5,821.84,161.97,191.93
2022_11018027_01,5646.3,760.16,200.04,217.35000000000002
2022_11020025_01,9256.7,1169.61,369.486,316.96
2022_11020038_01,8705.3,1166.07,310.35,296.40500000000003
2022_11020044_02,10710.0,1489.65,381.54200000000003,413.69
2022_11020065_06,8093.0,1236.52,283.03999999999996,191.96
2022_11020083_02,3195.5,447.2,96.34,134.07
2022_11020102_02,6667.0,928.13,227.57999999999998,297.09000000000003
2022_11020103_03,8398.4,1315.8600000000001,278.99,191.92
2022_11020119_02,9473.5,1215.81,446.64599999999996,486.28000000000003
2022_11020122_03,10051.0,1491.1100000000001,405.67199999999997,371.04
2022_11020159_01,12523.4,1917.14,565.558,405.39
2022_11020180_01,9031.9,1033.97,372.038,357.2
2022_11020180_03,5842.3,799.74,207.866,189.03
2022_11020188_01,10066.6,1102.73,477.376,425.025
2022_11020192_01,11495.6,1508.93,333.254,352.4
2022_11020203_03,5368.55,674.91,207.798,214.36
2022_11020222_01,5708.2,674.78,235.25,190.52
2022_11020237_04,9812.4,1248.13,402.146,338.3
2022_11020239_01,8769.0,1203.37,378.39599999999996,293.93
2022_11020241_04,10600.2,1203.35,421.58,477.29
2022_11020261_02,12585.6,1686.45,427.94,510.265
2022_11020274_01,8733.4,1324.43,226.48,310.53
2022_11020327_02,4139.0,532.74,162.23,165.34
2022_11020336_04,4653.0,513.3399999999999,181.59,195.03
2022_11020340_02,4079.0,703.6899999999999,263.64,112.98
2022_11020341_01,5013.6,839.06,181.56,224.08
2022_11020345_01,6592.7,1120.53,175.97,201.87
2022_11020355_01,6678.9,766.35,271.046,274.12
2022_11020355_03,3966.6,456.28000000000003,134.18,224.76
2022_11023006_02,6663.1,951.81,240.36599999999999,294.63
2022_11023011_02,6719.4,945.13,254.52,263.46
2022_11023019_04,8862.35,1124.17,328.574,289.87
2022_11023029_02,6524.45,646.25,361.086,339.81
2022_11023035_01,4884.4,889.89,209.59,142.65
2022_11023040_01,5638.6,723.0500000000001,187.928,243.4
2022_11023040_02,5605.3,730.34,202.41,225.35
2022_11023046_02,7929.6,922.68,389.33799999999997,336.33
2022_11027034_01,2553.6,412.1,51.57,92.75
2022_11027079_02,1521.7,198.39000000000001,112.258,44.34
2022_11030021_01,3201.8,396.35,102.89,192.28
2022_11030054_01,6561.3,891.74,250.41,257.53000000000003
2022_11032001_03,5078.4,813.12,142.24,171.18
2022_11032002_01,3097.6,495.09,225.376,121.18
2022_11032010_01,4004.0,574.01,143.90999999999997,101.8
2022_11032013_04,7651.95,968.11,354.596,283.585
2022_11032034_01,6633.8,1046.92,280.54,227.63
2022_11037003_01,5890.0,899.64,206.396,245.68
2022_11037034_01,8029.8,1069.64,343.286,251.75
2022_11037043_01,7199.7,1279.8,329.36,173.67000000000002
2022_11037043_03,14860.1,2142.57,546.35,388.88
2022_11037047_02,3960.9,605.7,135.956,163.1
2022_11037047_06,13525.5,2000.38,434.55,456.65
2022_11037059_02,3388.3,480.17,95.768,166.55
2022_11037059_03,6594.4,847.5,252.17,232.73000000000002
2022_11037060_04,8864.0,1036.38,410.28000000000003,265.62
2022_11037061_01,9634.3,1411.79,372.378,311.8
2022_11041010_03,7450.1,1147.18,230.98,225.41
2022_11041010_04,13459.9,1979.02,437.83,446.66
2022_11041023_03,10446.8,1137.02,443.348,479.79
2022_11041032_01,10391.5,1461.3799999999999,451.692,326.565
2022_11042013_02,9507.6,1236.71,395.414,316.55
2022_11042026_02,6903.9,908.91,288.806,260.7
2022_11042029_02,11685.9,1705.73,339.491,524.4
2022_11044001_02,5501.6,1041.68,321.67,141.59
2022_11044006_01,5214.6,740.61,207.512,185.49
2022_12001078_02,8194.6,1523.3500000000001,215.738,135.35
2022_12001079_01,13812.3,1535.37,635.01,569.26
2022_12001079_02,11345.7,1343.78,451.072,484.32
2022_12001085_01,4011.6,514.84,221.44,153.61
2022_12001091_02,5177.0,589.48,236.18,246.88
2022_12001097_01,11939.85,1261.55,582.144,680.65
2022_12001103_01,7916.6,980.7,382.87,405.38
2022_12001106_01,10654.3,1816.22,489.76,368.14
2022_12001125_02,6952.7,668.96,296.0,412.81
2022_12001130_04,7029.0,836.87,251.94,323.53000000000003
2022_12007016_01,6195.2,803.27,228.296,238.0
2022_12029022_02,3356.2,628.64,93.34,84.57000000000001
2022_12051001_03,9200.5,1632.96,290.39,233.06
2022_12051011_01,5413.4,950.6600000000001,303.29,115.14
2022_12051014_01,6415.6,729.84,418.82599999999996,285.29
2022_12051025_01,5564.35,920.02,159.898,161.09
2022_12051027_01,7272.2,819.99,315.198,310.36
2022_12061015_02,12898.0,1535.06,632.464,599.15
2022_12061015_04,18106.3,2378.14,828.6899999999999,734.695
2022_12061018_01,3204.0,434.15000000000003,135.01,129.53
2022_12061022_02,7043.4,1093.3,305.086,236.68
2022_12061031_01,5695.8,793.73,187.084,208.86
2022_12061033_04,18320.0,2304.02,724.298,701.8
2022_12064008_01,2556.1,297.51,89.86,119.49000000000001
2022_13027007_02,9447.0,1355.61,299.08,394.41
2022_13027015_05,5588.0,797.07,368.318,207.03
2022_13027021_01,3680.8,491.3,179.49,125.45
2022_13027021_02,3998.25,519.38,194.578,165.47
2022_13027024_02,8486.2,1138.18,373.208,300.88
2022_13027035_02,5604.5,746.97,406.768,210.98
2022_13041008_01,5539.0,714.72,206.00199999999998,236.01000000000002
2022_13041022_01,7719.7,1143.79,351.09,316.5
2022_13041028_02,9067.7,1578.56,198.66799999999998,232.435
2022_13041031_04,5989.9,844.89,206.88,204.29
2022_13041033_01,12713.5,1508.65,544.98,576.97
2022_13041035_01,5081.0,697.3,136.02,249.60000000000002
2022_13041038_03,8178.1,1013.58,356.71,353.77
2022_13041039_04,8065.8,1222.94,436.13,317.17
2022_13046006_01,11858.2,1747.02,905.67,439.19
2022_13046017_01,4053.0,598.74,359.53,165.4
2022_13046029_02,10405.1,1435.74,517.85,270.86
2022_13048021_03,7089.2,1146.56,235.23,193.42000000000002
2022_13051008_01,7663.45,926.01,373.06,285.14500000000004
2022_13051017_01,6431.8,999.95,188.564,202.59
2022_13051018_01,5706.0,751.44,190.276,255.31
2022_13051021_01,5210.5,640.61,247.06799999999998,224.31
2022_13051028_02,7489.5,869.74,347.28,286.875
2022_13056007_02,6585.1,848.48,329.698,253.7
2022_13056009_04,13506.0,1794.12,518.26,468.73
2022_13056021_02,9473.8,1185.28,446.24,423.8
2022_13057024_02,8976.4,1305.95,309.49,283.56
2022_13057025_01,20180.4,3002.57,652.13,647.78
2022_13057038_03,7649.3,929.78,301.71,297.31
2022_13076016_01,14716.1,1796.12,583.174,650.32
2022_13076049_02,11155.4,1449.03,394.876,443.31
2022_13076056_04,4133.4,539.13,157.91,114.08
2022_13077011_01,16206.9,1817.87,620.0799999999999,802.86
2022_14021005_01,4125.6,627.53,92.476,179.74
2022_14021010_02,7939.2,1028.32,343.796,277.68
2022_14067009_03,17435.6,2271.15,680.216,675.5
2022_14067025_01,6006.5,900.84,197.528,257.42
2022_14093005_01,5763.6,771.24,234.48,265.96000000000004
2022_14097025_02,8621.7,1220.87,422.603,366.11
2022_14098004_01,18570.65,3092.33,552.172,586.19
2022_14098008_02,7890.0,986.98,293.51,322.26
2022_15012005_01,12353.1,1659.48,393.28,491.79
2022_15012017_01,11934.9,1691.88,500.388,509.39000000000004
2022_15025010_02,12028.2,1512.58,459.22999999999996,477.36
2022_15031005_01,3859.7,580.76,150.88400000000001,145.45
2022_15031013_03,16182.8,1581.12,688.962,954.645
2022_15031015_02,14100.3,2114.7,401.94,597.96
2022_15031016_05,5839.6,607.76,295.298,230.48
2022_15031018_05,10514.2,1479.89,406.49,311.19
2022_15031031_02,6570.8,1067.6200000000001,192.948,190.18
2022_15033004_01,9726.7,1286.74,407.95,335.46999999999997
2022_15033007_02,8306.4,1108.88,308.684,280.95
2022_15033020_01,12076.6,1676.36,461.59,360.1
2022_15033031_01,6942.1,995.8199999999999,238.95,219.53
2022_15033054_02,8173.8,1168.78,463.026,358.37
2022_15033062_01,4297.3,521.73,203.278,192.42000000000002
2022_15033101_01,8146.8,1159.1000000000001,267.8,333.39000000000004
2022_15037020_02,4960.7,699.01,136.49,220.3
2022_15037038_01,2657.6,394.85,73.32,107.9
2022_15039031_02,9512.0,1531.69,751.976,356.75
2022_15039037_03,13185.25,1799.54,464.628,513.49
2022_15039041_03,7050.1,1025.75,248.77800000000002,171.47
2022_15054006_03,10001.4,1070.11,446.834,473.86
2022_15054013_02,6849.3,1024.33,228.72,231.18
2022_15054015_05,13302.05,1686.68,613.5,483.02
2022_15054016_02,7197.5,1101.72,288.846,264.15000000000003
2022_15054026_02,9218.3,1034.09,422.01800000000003,427.325
2022_15054028_01,2450.8,304.8,89.278,123.16
2022_15058009_05,7064.5,1092.74,225.88,179.92
2022_15058035_01,6753.2,844.67,230.114,252.66
2022_15070006_01,9554.7,1265.79,318.361,411.41
2022_15070008_03,16049.55,2196.9700000000003,576.156,534.58
2022_15070021_01,14696.9,2356.89,366.908,507.95
2022_15070022_01,10907.8,1339.31,440.278,543.52
2022_15070024_02,10942.0,1447.83,372.71,453.985
2022_15082007_01,5488.8,875.67,171.8,136.36
2022_15082015_01,10272.1,1793.7,392.81,272.83
2022_15082020_02,5497.6,666.8100000000001,245.51,243.67
2022_15082029_02,7763.1,1113.12,483.08799999999997,295.0
2022_15092015_03,17235.5,2299.91,671.7099999999999,617.3100000000001
2022_15092025_01,6375.85,939.4200000000001,198.768,236.945
2022_15104001_02,6539.1,703.16,312.90999999999997,225.2
2022_15104006_02,9484.4,1257.1399999999999,396.916,380.3
2022_15104009_01,5429.6,827.89,157.89,203.15
2022_15104025_02,5986.5,701.77,213.736,263.18
2022_15104027_03,9316.8,1304.25,350.92199999999997,336.5
2022_15106017_01,3642.95,524.8,116.148,147.69
2022_15106025_03,4528.8,643.87,143.06,166.27
2022_15109008_02,7317.6,840.24,376.41,373.77
2022_15109011_01,6061.9,694.9399999999999,238.996,258.42
2022_15109015_01,4131.5,474.65999999999997,167.0,195.17000000000002
2022_15109031_01,10923.0,1638.63,315.01800000000003,396.1
2022_15115003_02,2656.4,388.11,88.49,106.36
2022_15115015_01,6883.4,997.17,446.246,273.06
2022_15115033_02,8867.4,1136.87,319.31,367.51
2022_15118003_03,10906.9,1279.37,480.766,396.32
2022_15118022_01,6174.2,681.15,265.86,321.62
2022_15118024_04,6233.1,765.25,223.12,349.7
2022_15118028_02,15504.6,2281.43,557.534,498.83000000000004
2022_15118030_02,10357.0,1283.01,411.14,373.24
2022_15122017_04,8746.5,1018.7099999999999,393.25,341.49
2022_15122028_01,10091.4,1229.5900000000001,363.79,522.805
2022_16006009_01,4497.5,709.03,120.1,154.49
2022_16006025_01,10374.2,1500.6,413.376,433.1
2022_16015014_02,1466.7,167.04,74.36,98.78
2022_16019004_01,3204.4,495.21,83.26,113.52
2022_16019018_01,7312.3,539.89,331.242,398.9
2022_16019020_03,9014.6,981.21,383.852,363.02
2022_16052007_01,8886.3,1166.1,321.914,400.01
2022_16052011_02,5955.5,552.59,314.168,351.42
2022_16052011_04,5160.9,515.71,230.09,261.98
2022_16052016_02,5864.6,848.77,209.6,229.8
2022_16053011_03,5488.8,764.33,278.43399999999997,259.95
2022_16053023_03,5705.6,643.87,396.196,211.55499999999998
2022_16053024_02,10963.3,1644.41,335.028,437.07
2022_16082007_01,7770.75,1117.7,262.014,305.56
2022_16082007_03,11392.05,1577.92,581.46,459.67
2022_16082008_02,4509.7,581.1,209.45,148.02
2022_16082010_03,8707.4,1336.26,284.46999999999997,377.35
2022_16082027_01,5971.85,716.54,250.60999999999999,235.29999999999998
2022_16102015_02,14086.0,1763.78,550.668,592.52
2022_16102016_01,8660.6,1203.84,267.428,202.06
2022_16102032_03,7632.6,884.79,284.05,369.83
2022_16107010_01,2749.6,273.07,151.71,117.22
2022_16107024_02,6694.05,738.58,351.33,226.81
2022_17006001_02,10321.4,1340.21,388.506,417.115
2022_17006031_01,5538.1,598.4,232.918,223.735
2022_17007018_01,3364.4,476.36,113.82999999999998,114.38000000000001
2022_17007022_01,8374.7,842.22,324.394,396.285
2022_17007023_02,7197.2,961.75,295.4,293.61
2022_17007031_02,7881.0,1203.22,260.33,208.15
2022_17007055_01,16807.7,2164.54,572.53,533.75
2022_17007058_03,6141.0,742.51,265.476,222.17
2022_17008017_04,13004.8,1676.55,501.48,544.005
2022_17008032_02,8247.5,1179.5900000000001,320.596,329.85
2022_17011008_03,13754.0,1948.14,493.922,574.045
2022_17011014_01,12166.4,1436.24,489.2,536.36
2022_17011036_03,13919.35,2043.5,431.681,571.74
2022_17018005_02,10119.7,1147.25,465.07,451.76
2022_17018010_05,3703.3,608.53,97.2,116.54
2022_17018029_01,8652.3,1152.08,330.568,385.31
2022_17018030_05,6854.2,897.69,266.728,266.53000000000003
2022_17018031_05,7115.2,711.06,317.646,320.85
2022_17018034_01,6062.6,892.06,201.298,200.03
2022_17019007_01,4385.2,631.6700000000001,97.72999999999999,99.05000000000001
2022_17019013_03,6333.0,854.32,241.34,226.17
2022_17019017_03,4972.0,800.79,123.63,175.93
2022_17019023_02,9827.4,1443.05,475.44,304.46
2022_17019032_01,7650.8,1161.19,262.7,290.35
2022_17024006_01,5470.8,796.2099999999999,186.39,243.55
2022_17024006_04,9462.9,1509.95,283.828,296.39
2022_17024022_03,9419.9,1063.59,438.748,486.28000000000003
2022_17028030_01,7112.2,853.03,274.28,335.68
2022_17036004_01,10513.8,1771.53,275.90999999999997,281.18
2022_17036016_02,5041.2,818.47,196.83599999999998,183.22
2022_17036019_03,9430.85,1042.19,431.532,352.1
2022_18015008_02,8312.5,1052.11,320.7,430.51
2022_18015009_02,9515.4,1265.3,381.90999999999997,345.1
2022_18015012_03,6356.5,803.84,224.29,270.21
2022_18015015_01,7649.3,1173.9,246.31,324.41
2022_18017021_03,9014.5,1274.1,320.0,305.26
2022_18017044_01,4974.4,553.32,229.07,270.53999999999996
2022_18017060_03,7741.6,954.82,338.646,343.86
2022_18017060_07,6462.8,729.8100000000001,267.68,297.46
2022_18017061_01,12711.5,2066.34,470.544,438.55
2022_18017069_01,8752.2,1186.77,401.25,301.29
2022_18017078_02,4969.1,671.35,174.94,244.47
2022_18017102_01,9961.0,1605.84,467.772,307.55
2022_19006072_01,4353.4,464.84,215.87800000000001,224.55
2022_19006091_01,8822.7,1246.0,303.67199999999997,286.095
2022_19006108_01,7261.65,628.27,358.864,364.44
2022_19006133_03,12310.4,1185.73,585.826,488.71999999999997
2022_19006136_05,9692.05,1250.02,376.926,389.88
2022_19006140_01,5052.1,568.16,202.306,230.58
2022_19006142_01,6811.3,920.89,259.414,246.9
2022_19006146_01,7959.8,951.43,312.51800000000003,341.4
2022_19006147_04,13647.2,2006.97,412.96,512.16
2022_19006164_01,11057.9,1375.17,441.084,446.13
2022_19006178_01,9558.0,945.93,386.39,517.77
2022_19007005_04,4965.2,593.66,199.32999999999998,220.08
2022_19007015_03,8116.5,1108.56,317.58,294.28000000000003
2022_19009011_02,3547.7,525.22,109.146,144.45
2022_19012003_03,7211.0,909.78,260.36,276.74
2022_19012016_02,2476.1,512.53,26.86,46.690000000000005
2022_19012018_02,6924.4,1304.52,120.63,271.34000000000003
2022_19018007_03,8184.0,924.72,318.9,402.2
2022_19018009_01,4861.0,708.77,149.76999999999998,204.87
2022_19018018_02,2640.4,360.61,116.335,136.35
2022_19018027_01,13566.0,1522.74,682.4399999999999,547.59
2022_19018041_02,1345.2,273.11,13.59,75.69
2022_19018041_03,1335.6,277.28000000000003,6.6000000000000005,47.49
2022_19018056_02,8657.6,1237.96,397.032,363.16
2022_19018073_01,7064.8,995.49,314.46,221.325
2022_19018080_02,7360.0,902.35,290.45,290.62
2022_19018106_02,12691.5,1850.3600000000001,477.48999999999995,378.96
2022_19018124_01,3031.0,579.76,45.91,68.02
2022_19021005_01,7413.8,1246.62,173.7,200.97
2022_19021042_02,6250.0,1093.15,154.96,122.735
2022_19021053_03,6479.8,687.18,275.182,329.74
2022_19021055_01,7643.0,625.77,376.85,441.0
2022_19021062_05,7382.2,996.57,260.14,299.79
2022_19021074_01,5210.1,740.1,225.642,170.63
2022_19021083_02,11509.5,1356.16,582.81,521.84
2022_19021083_03,3719.7,404.71999999999997,185.088,126.04
2022_19021084_01,1998.6,198.75,78.69,91.0
2022_19021098_02,4226.2,739.11,79.62,124.675
2022_19021109_01,9784.4,1097.67,461.71999999999997,354.995
2022_19021123_02,8634.4,1020.89,363.7,320.63
2022_19021125_02,18241.0,2594.46,746.216,699.54
2022_19021129_02,9513.9,1266.03,397.06,293.46000000000004
2022_19021129_03,6534.4,927.93,239.81,150.45
2022_19021137_02,5444.5,621.14,212.07999999999998,272.04
2022_19021137_03,4380.0,510.14000000000004,162.85,212.21
2022_19026016_02,4502.0,740.93,143.696,149.26500000000001
2022_19026072_01,13767.1,1527.38,509.716,447.73
2022_19026137_02,13400.5,2018.06,428.38,352.38
2022_19026193_02,10050.8,1254.92,411.52799999999996,459.0
2022_19031008_02,6345.3,644.49,383.91,285.42
2022_19031008_03,12103.0,1597.18,443.348,437.74
2022_19031033_03,5617.1,880.66,161.96,156.81
2022_19031056_01,14679.6,1765.26,648.6080000000001,635.16
2022_19031075_02,7451.0,1098.3,237.04,273.44
2022_19031083_02,9183.4,1456.57,253.39,291.25
2022_19031089_03,6520.7,713.65,318.486,260.1
2022_19031105_01,4582.0,594.77,190.434,203.21
2022_19031109_04,16240.5,1767.23,832.76,665.25
2022_19031120_02,6873.3,778.85,304.58,244.34
2022_19031132_01,9365.0,1333.3500000000001,374.73199999999997,457.1
2022_19032002_02,9537.1,1285.7,367.57,356.215
2022_19032007_01,4305.4,555.72,214.078,157.96
2022_19032010_03,8934.7,1044.82,447.408,379.08
2022_19032014_03,13646.0,1621.34,568.63,527.43
2022_19032020_03,10281.5,1603.25,354.066,352.9
2022_19032021_03,4535.599999999999,580.01,181.08,200.74
2022_19032025_02,5422.7,702.07,182.368,294.32
2022_19039013_01,8745.6,1069.6399999999999,298.644,314.165
2022_19039069_01,5150.0,740.25,159.75,183.685
2022_19039098_01,8516.0,1054.52,337.95,392.27
2022_19039102_02,11089.8,1438.79,415.442,430.765
2022_19039110_01,13416.0,1740.86,479.1,593.21
2022_19039140_02,3293.3,525.5500000000001,98.272,134.24
2022_19039151_03,15911.5,2506.66,509.608,479.95
2022_19039152_02,11050.8,1359.7900000000002,420.69599999999997,427.67
2022_19039157_03,7143.1,1112.63,213.186,190.66
2022_19039194_01,10966.9,1389.13,515.094,379.05
2022_19039195_06,11154.6,1202.21,455.43,634.25
2022_19039196_02,7364.8,1050.8500000000001,256.46,268.24
2022_19039218_02,5309.0,644.25,228.35,192.53
2022_19041035_03,16126.0,2347.67,545.656,516.3199999999999
2022_19046033_01,2496.0,350.13,90.838,100.2
2022_19046071_01,4399.3,549.62,192.788,152.01000000000002
2022_19046072_02,9233.5,1231.92,339.104,319.45
2022_19048033_03,6949.7,1082.51,205.298,212.33
2022_19048034_03,10333.8,1884.7000000000003,223.39,233.04
2022_19048035_03,7488.3,1103.2,225.9,242.53
2022_20002007_01,18887.4,2205.05,804.96,724.24
2022_20039002_01,4998.6,781.5300000000001,137.44,208.28
2022_20039009_01,2766.5,534.57,41.718,57.71
2022_20039010_01,5819.7,828.68,203.714,234.85
2022_20039023_03,6495.9,967.04,278.418,237.95
2022_20067006_01,7771.8,1044.21,337.22999999999996,349.56
2022_20076005_01,8097.1,802.3299999999999,370.256,390.58
2022_20076009_02,10815.9,1584.89,465.858,382.86
2022_20076011_02,5258.5,597.17,241.82,187.13
2022_20076012_06,4870.6,677.3299999999999,188.62199999999999,185.64000000000001
2022_20076016_01,6200.7,977.55,287.98,164.1
2022_20076030_02,18996.0,3425.62,914.928,609.07
2022_20258006_02,10126.1,1379.84,722.406,454.98
2022_20258009_03,5266.6,824.09,261.77,181.97
2022_20258014_03,3764.8,565.57,144.25,139.84
2022_20339006_02,11496.5,1551.07,690.766,529.955
2022_20339010_02,16414.3,2588.07,708.63,526.73
2022_20339014_02,8199.8,1139.73,342.81,354.93
2022_20339019_03,7830.8,1096.6,281.052,294.37
2022_20339022_01,2918.0,409.49,138.34,130.93
2022_20390005_01,4184.4,723.4,80.21,141.28
2022_20390028_02,10245.8,1400.14,411.96999999999997,459.185
2022_20515008_03,8269.9,955.92,413.176,310.78
2022_20515015_02,10066.8,1447.72,489.216,394.81
2022_20515027_03,2123.0,218.45,134.46,111.45
2022_21010008_01,1321.0,221.16,55.606,70.48
2022_21085002_02,6931.9,912.8100000000001,368.55400000000003,241.2
2022_21085011_02,7082.0,1246.3700000000001,157.07999999999998,181.19
2022_21085028_01,10426.3,1193.94,410.36,477.24
2022_21114010_04,10065.2,1306.8,511.03999999999996,335.51
2022_21114014_01,4223.6,636.9200000000001,120.908,173.97000000000003
2022_21114051_01,8513.4,1324.5700000000002,312.286,255.035
2022_21114058_03,7127.3,816.47,366.3,438.12
2022_21119009_05,12356.6,1191.9099999999999,727.39,294.74
2022_21147004_02,6719.1,942.8,312.7,206.59
2022_21147013_01,8013.0,1074.71,363.758,246.16
2022_21148009_02,9210.1,1453.91,304.12,334.02
2022_21148021_03,4876.6,525.95,198.91,225.9
2022_21212001_01,7172.0,1272.44,500.26,248.53
2022_21212005_01,6406.7,1099.87,210.05,205.57999999999998
2022_21212015_04,10300.1,1378.9099999999999,451.44,383.51
2022_22001005_02,2042.4,363.5,238.51999999999998,91.86
2022_22001015_01,5946.8,737.16,242.338,235.96
2022_22004018_05,9834.8,1621.08,280.186,281.02
2022_22011026_03,8225.4,1036.22,387.846,334.945
2022_22012022_02,3946.2,533.63,180.59,144.73000000000002
2022_22014024_01,10722.0,1417.49,494.802,350.09
2022_22014046_02,8869.4,1065.01,379.98,424.04
2022_22014055_04,10562.0,1374.81,403.78999999999996,394.93
2022_22014056_04,16142.3,2224.25,608.4,494.63
2022_22014072_01,12000.8,1681.35,342.556,413.26
2022_22014081_02,8867.0,1187.03,382.976,320.32
2022_22014133_02,7609.25,1143.67,268.548,256.015
2022_22016004_03,5799.0,882.8,243.87,249.72
2022_22016006_02,6614.5,1063.18,239.79,237.75
2022_22016013_01,8504.0,973.92,340.23,407.16
2022_22016031_03,6379.3,979.78,356.32,212.24
2022_22016035_02,13922.2,2445.8,843.59,450.11
2022_22016037_02,4199.3,760.11,176.83999999999997,140.06
2022_22016047_01,2443.1,362.83,79.25999999999999,112.46000000000001
2022_22016048_02,7486.3,1009.92,291.74,248.48000000000002
2022_22016053_03,4437.4,700.72,132.256,155.48
2022_23002010_03,4983.0,428.15,252.97,243.17
2022_23002015_01,12833.3,1689.03,479.768,468.85
2022_23002029_02,6789.2,890.27,291.39,316.24
2022_23002038_02,5197.7,696.6,212.812,196.42000000000002
2022_23002060_01,2906.7,338.78,141.886,129.4
2022_23004017_01,13907.9,1992.2,477.914,394.805
2022_23004020_01,7571.2,862.1,428.836,353.01
2022_23004035_02,6873.4,879.12,298.486,219.99
2022_23005047_01,4667.6,378.61,221.458,238.34
2022_23005050_03,10671.2,1441.28,523.306,455.68
2022_23005066_01,5085.5,624.05,226.082,316.65
2022_23005081_01,8256.2,979.3499999999999,326.65000000000003,330.01
2022_23005085_02,4638.8,543.58,234.296,202.86
2022_23005118_03,1921.6,195.91,114.15,108.85
2022_23005129_04,8981.2,733.54,416.664,496.73
2022_23005135_01,8926.8,1274.32,328.48,299.17
2022_23006010_01,3915.0,488.88,192.73999999999998,184.96
2022_23006015_02,3852.0,544.19,174.54,153.44
2022_23008016_01,3236.2,442.19,119.03999999999999,101.31
2022_23008036_01,7684.1,1178.41,268.706,246.915
2022_23008080_01,3992.6,538.37,126.338,134.05
2022_23008082_01,11215.4,1335.95,541.942,503.63
2022_24021007_01,11435.0,2004.43,509.822,325.14
2022_24021011_02,4933.2,778.98,155.3,106.60000000000001
2022_24021012_02,5973.2,1109.43,313.63,151.68
2022_24021021_02,5143.3,738.96,204.67,185.5
2022_24021032_01,20469.1,3069.21,702.482,536.11
2022_24021042_02,7449.3,908.68,330.756,342.52
2022_24028011_02,3658.4,471.08,168.846,152.65
2022_24028038_02,10888.2,1307.25,411.506,460.84999999999997
2022_24028039_03,10464.6,1475.1,429.93399999999997,297.26
2022_24028076_03,11634.6,1278.14,526.306,460.11
2022_24028080_02,6731.5,782.89,267.19,326.16
2022_24028112_02,5000.0,425.47,233.85,293.53000000000003
2022_24028120_02,9353.8,1216.97,537.6899999999999,339.3
2022_24028120_04,3825.0,697.04,137.88,69.53
2022_24037014_02,3462.9,513.4,102.21,142.25
2022_24037024_01,5281.0,880.54,457.866,196.82
2022_24037047_03,8909.8,1031.87,449.65999999999997,280.64
2022_24037049_03,6930.0,920.67,211.684,340.32
2022_24049004_04,11333.2,1529.32,363.52,430.77
2022_24049008_01,6460.3,854.7,262.326,246.92000000000002
2022_24049009_01,5664.5,615.14,315.28,234.74
2022_24052004_01,13593.7,2106.9,491.92199999999997,383.36
2022_24052018_02,6954.2,1024.74,230.2,228.215
2022_24052019_02,8315.4,1095.35,389.99,263.66
2022_25001005_02,3968.0,363.23,170.27,236.79999999999998
2022_25001014_03,3834.7,563.04,235.16,198.15
2022_25001018_01,8137.1,1548.97,157.84,365.25
2022_25001027_01,6626.4,934.49,182.62,258.15
2022_25002001_02,7024.0,392.45,375.42,453.63
2022_25002018_03,7364.9,1028.3300000000002,251.35,294.62
2022_25006003_03,3512.9,382.13,149.538,167.25
2022_25006004_04,8611.5,739.88,431.894,456.64
2022_25006016_02,7122.4,647.49,350.56,327.91
2022_25006042_01,3698.2,660.79,129.14,193.08
2022_25006061_01,10342.4,993.79,464.06,518.21
2022_25006073_03,8430.0,1541.34,192.75,168.77
2022_25006077_02,9467.0,2058.69,79.55000000000001,144.56
2022_25006081_01,11088.4,1312.48,459.81,394.85
2022_25006097_02,7750.2,945.23,365.894,336.38
2022_25011011_03,6024.2,851.69,300.5,288.56
2022_25011021_01,3130.7,348.81,173.476,164.39
2022_25011021_03,5012.3,483.73,240.056,231.93
2022_25011030_04,7268.9,709.31,339.71,396.99
2022_25012015_01,7959.7,801.28,417.44,379.65
2022_25012018_01,9791.8,1452.27,345.4,310.17
2022_25012033_02,5266.5,453.31,232.73,353.73
2022_25015007_03,6037.5,767.97,243.6,258.2
2022_25015009_01,9786.5,1334.82,715.19,422.01
2022_25015010_01,3193.5,455.04,110.82,137.29
2022_25015022_02,5247.1,598.01,407.278,214.025
2022_25015033_02,7540.0,1191.15,314.36,218.72
2022_25015036_01,16195.4,1550.84,809.83,712.49
2022_25015044_02,12456.5,1783.29,441.74,570.88
2022_25018028_01,4296.5,511.42,167.75,172.88
2022_25018032_01,6567.2,778.88,234.01,309.32
2022_26002002_03,3377.8,343.71000000000004,158.408,160.67000000000002
2022_26002005_01,19741.1,2666.6,758.354,580.62
2022_26019003_02,9253.7,941.76,425.5,440.59000000000003
2022_26019019_02,10031.9,1464.08,365.25,525.29
2022_26019030_01,19808.3,1990.59,924.63,1076.44
2022_26019032_01,7129.3,716.63,354.42,361.85
2022_26019040_02,5707.1,727.05,208.37,234.35
2022_26019042_04,8981.2,1257.8200000000002,460.81,422.07
2022_26029001_03,4517.9,535.34,240.09,172.88
2022_26029016_02,11178.8,1314.97,531.3199999999999,578.01
2022_26029022_01,6509.5,689.9200000000001,274.32,315.18
2022_26030015_01,14188.0,1951.06,583.13,577.24
2022_26030027_01,6222.6,886.85,290.84,309.04
2022_26030031_01,11002.6,1764.17,323.96999999999997,374.82
2022_26030037_01,6061.5,512.75,292.84000000000003,309.51
2022_26030047_01,4201.0,497.47,141.20000000000002,226.35
2022_26030052_03,9757.4,1614.45,419.47999999999996,490.24
2022_26030058_02,10867.5,1389.96,459.33,456.47
2022_26030096_02,6809.6,852.9300000000001,257.75,291.96
2022_26030105_01,14507.6,2517.35,326.54,492.43
2022_26030123_01,5495.3,642.11,237.62,161.76
2022_26042009_01,5401.5,611.8199999999999,224.15,281.5
2022_26042020_03,8797.8,1166.63,382.35,264.83
2022_26042027_01,4286.0,543.64,217.62,212.51
2022_26043021_01,6827.9,853.96,298.37,253.86
2022_26047005_01,7972.6,1327.85,314.63,347.17
2022_26047007_03,8151.8,1411.47,325.01,432.77
2022_26047008_01,3093.0,426.31,100.44,124.62
2022_26047009_01,6530.5,1097.22,491.64,232.54
2022_26047010_01,4632.0,606.22,305.428,199.84
2022_26047010_03,3945.2,550.35,139.96,131.70000000000002
2022_26047011_01,15463.7,2193.65,832.612,547.02
2022_26047014_02,3627.2,478.06,129.03,161.72
2022_26047027_01,6977.1,1404.83,213.91,308.42
2022_26047035_03,2360.2,323.61,87.38,91.16
2022_26055006_06,7311.8,781.88,286.018,360.13
2022_27002003_02,13358.3,1830.74,517.126,514.115
2022_27002011_06,8258.8,1292.16,273.218,226.535
2022_27002026_04,8162.2,1027.05,325.938,391.24
2022_27002040_02,5541.2,737.98,214.26999999999998,159.06
2022_27004035_01,7482.2,1378.53,165.53,211.93
2022_27004035_04,10667.5,1491.33,405.056,330.45
2022_27004039_02,5724.5,772.86,199.63,215.26
2022_27004048_03,14040.4,1858.81,515.526,648.425
2022_27006009_03,8245.1,1041.8,279.88,363.89
2022_27006018_01,4118.3,589.57,114.87,239.45
2022_27006022_02,12899.4,1466.92,521.9159999999999,644.62
2022_27008005_01,8556.7,1170.46,523.38,293.63
2022_27008007_05,7474.8,852.7,304.916,364.4
2022_27008024_05,7134.5,1048.84,256.8,259.48
2022_27008033_02,5819.9,660.41,272.726,218.78
2022_27008036_01,7676.0,1221.65,212.09,300.48
2022_27008037_01,7936.3,1085.12,254.536,310.23
2022_27008044_01,8046.0,1382.78,228.78199999999998,236.3
2022_27008064_01,3334.4,383.37,159.85,176.8
2022_27008067_01,7128.9,813.74,310.03,302.2
2022_27010007_02,2391.0,408.67,35.61,102.48
2022_27010008_04,7917.6,1400.76,133.346,266.75
2022_27013019_01,5082.5,502.73,187.566,355.78
2022_27013024_01,3589.2,578.91,92.24000000000001,139.58
2022_27013025_02,6470.3,688.48,246.626,271.435
2022_27017014_01,3566.1,145.25,213.12800000000001,303.6
2022_28003017_02,8086.0,1049.66,319.405,300.9
2022_28003019_03,7242.8,859.07,318.602,259.69
2022_28003026_02,13040.3,1835.65,431.928,407.45
2022_28003027_02,12128.5,1350.88,581.65,442.98
2022_28003063_03,12643.7,2065.8,358.83,311.545
2022_28003064_01,11411.7,1330.63,550.018,509.90500000000003
2022_28003069_01,4649.0,601.72,185.406,141.04
2022_28003073_02,8310.6,1499.58,200.214,218.41
2022_28009002_01,4594.6,643.67,181.444,200.38
2022_28009008_02,11610.0,1276.18,556.334,563.66
2022_28017006_01,10417.8,1420.56,385.86,347.7
2022_28017026_04,7627.9,796.46,366.08799999999997,309.78000000000003
2022_28017028_03,14650.7,1900.8500000000001,501.75,649.86
2022_28018006_02,7456.6,1065.16,241.79999999999998,292.36
2022_28018012_01,6818.9,1166.78,169.02,186.21
2022_28018015_04,3059.6,396.57,111.036,130.39
2022_28027008_02,7067.9,1004.99,214.18,285.49
2022_28027010_03,5444.4,671.01,232.73,216.31
2022_28027016_03,9089.2,1211.77,344.57,351.07
2022_28027017_03,6906.2,802.5,266.99,267.695
2022_28027029_01,7903.9,1089.69,421.996,372.83
2022_28027037_02,14843.5,1895.6100000000001,855.538,605.88
2022_28032029_01,3497.2999999999997,420.63,219.418,146.08
2022_28038007_01,15062.8,1809.91,564.196,552.905
2022_28038024_02,11311.8,1248.27,514.784,460.0
2022_28038024_03,9004.0,1075.42,333.56,407.57
2022_28038030_01,6094.5,766.93,271.806,242.63
2022_28041009_01,7602.1,843.81,374.26,319.58500000000004
2022_28041022_03,5281.5,567.56,310.43,184.62
2022_29007017_07,6221.2,853.62,239.658,238.79
2022_29013010_01,20622.4,2067.68,1145.1,920.0500000000001
2022_29013014_01,7102.0,1077.98,352.926,315.73
2022_29013015_01,4978.0,638.8199999999999,197.76999999999998,160.73
2022_29018005_01,2469.5,338.75,86.018,86.93
2022_29018008_02,11381.4,1531.5,617.2620000000001,447.57
2022_29018011_02,7666.3,688.8100000000001,300.09,331.64
2022_29018018_03,11262.7,1775.94,451.412,395.08
2022_29018024_01,9480.4,1281.63,407.204,291.28000000000003
2022_29018033_03,7794.8,815.53,347.34,420.64000000000004
2022_29031002_01,5686.0,892.86,188.84199999999998,224.28
2022_29031009_01,9644.4,1131.57,496.64,265.81
2022_29031024_01,11180.6,786.76,617.98,649.4
2022_29031032_01,8406.4,1052.9,360.518,324.22
2022_29043011_03,12303.9,1234.54,471.978,756.56
2022_29043019_01,14091.1,2322.54,394.238,416.14000000000004
2022_29043022_01,30413.7,4508.41,1040.654,1000.08
2022_29043023_03,8995.4,1172.97,430.27,317.15
2022_29043031_01,9360.5,1060.7,410.12,450.33
2022_30033013_01,4482.4,498.04999999999995,182.44,220.09
2022_30039002_02,5219.9,662.3,222.94,206.54
2022_30039003_02,8561.7,1362.69,264.266,295.23
2022_30087034_03,7923.8,777.46,369.58,353.77
2022_30123009_01,3626.8,498.74,136.52,116.61
2022_30123012_06,13970.2,2171.3,457.29,390.01
2022_30124003_02,7611.0,1315.18,179.308,158.13
2022_30124010_01,5134.8,705.83,191.32,193.93
2022_30131021_03,8291.05,1403.77,271.94,234.78
2022_30159004_05,6057.9,687.72,301.454,252.70000000000002
2022_30159005_02,3294.5,460.99,134.32,126.28
2022_30159007_02,2410.8,376.2,95.75,74.33
2022_30159015_04,1977.6,281.15000000000003,57.24,101.53999999999999
2022_30159024_03,4570.0,695.79,156.07,106.25
2022_30167027_02,4390.0,491.26,226.30599999999998,194.2
2022_30201021_02,11058.4,1412.51,521.398,407.73
2022_31038003_02,2481.6,214.62,106.84,62.21
2022_31038005_02,6222.4,788.54,363.11,279.15
2022_31038014_01,7251.6,1018.45,265.23,347.99
2022_31041004_02,4822.5,607.24,207.56,261.09000000000003
2022_31041008_01,8632.3,929.74,414.876,305.16
2022_31050046_01,4854.0,677.52,195.164,186.79
2022_31050049_01,14557.7,2319.58,656.66,461.3
2022_31050056_01,9047.1,1237.51,340.18,340.21
2022_31052004_01,6356.2,959.1600000000001,229.83,192.94
2022_31056004_02,9300.4,1123.98,433.486,383.65
2022_31056019_06,11081.9,1749.9,319.238,317.265
2022_31079008_02,5486.2,570.33,205.86,332.82
2022_31079008_03,7865.9,841.11,377.28,358.905
2022_31079012_03,10162.2,1341.84,543.34,474.26
2022_31079031_03,4348.5,475.71,349.76,179.29
2022_31079032_03,3802.0,609.23,201.858,140.98
2022_31098012_02,5217.0,610.88,215.69,251.04000000000002
2022_31098013_01,5925.0,734.0,342.59000000000003,259.96999999999997
2022_31098021_02,8549.1,1132.7,486.67,345.17
2022_31101005_04,6419.1,954.08,386.8,234.62
2022_31101006_03,6170.4,1027.8,325.65,178.22
2022_31101014_03,9644.8,1460.92,599.816,289.43
2022_31101025_02,6039.1,746.15,299.33,252.98
2022_31101029_02,13202.1,1812.28,880.332,527.95
2022_32010014_01,17589.6,2607.42,602.05,600.84
2022_32010015_01,5744.1,575.5600000000001,285.04,218.73000000000002
2022_32017017_01,5639.5,784.02,251.232,196.39
2022_32017017_06,9604.0,945.75,560.72,395.08
2022_32017027_01,9962.5,1441.81,422.13,414.58
2022_32017043_03,9677.3,1131.35,421.252,427.52
2022_32017052_04,6428.1,899.45,196.046,291.14
2022_32023002_02,8676.4,1116.06,424.204,330.56
2022_32023005_03,5465.4,726.9699999999999,199.05,213.83
2022_32023021_05,5666.0,728.56,394.21000000000004,256.3
2022_32023025_02,3416.5,352.09000000000003,138.98,178.52
2022_32023027_03,7893.6,640.2,364.536,475.1
2022_32024003_02,4465.0,499.08000000000004,176.188,211.07
2022_32039004_01,9200.3,1060.68,179.42600000000002,360.38
2022_32039008_01,2872.0,488.81,64.9,68.9
2022_32039014_01,7563.3,1101.39,391.91,259.65
2022_32039016_01,4476.5,683.38,324.258,172.53
2022_32040005_02,7612.4,847.37,320.11,300.79
2022_32040010_01,12742.2,1992.91,399.65,335.065
2022_32040019_03,6520.8,1038.06,378.68,191.68
2022_32040020_05,6279.5,814.77,226.04,263.14
2022_32052001_01,3478.0,399.71000000000004,151.13,116.91000000000001
2022_32052012_02,4565.8,638.24,191.35,180.13
2022_32052012_03,3735.5,464.13,172.24,155.07
2022_32052018_01,5388.2,771.94,198.65800000000002,188.41
2022_32052020_01,12154.4,1655.32,565.212,417.52
2022_32052020_02,8828.9,993.39,466.60200000000003,403.45
2022_32052032_01,10303.1,1356.22,387.59000000000003,393.82
2022_32052041_01,7156.2,856.0699999999999,267.34,333.1
2022_32052043_02,10308.9,1368.91,432.81,332.09
2022_32052044_02,5437.1,884.37,178.768,198.56
2022_32053001_01,18974.2,2875.06,561.64,639.36
2022_32053001_02,14112.0,1947.95,509.28,574.47
2022_32053004_03,5483.0,864.71,165.356,151.36
2022_32053017_03,8815.0,972.3,345.866,454.13
